-- 6@gear-node
INSERT INTO block VALUES ('0000000006-7ec94', 6, '0x7ec9415d3947ac8b0f9e2e843699facc4ee9c3c3e397a07e7b4af7d5006a61a6', '0x8a16d35d37c6cf15ea8845506200265534c492463ccbe31ef832fa570692e03f', '2022-07-13 20:13:36.001+03', 'gear-node@1060');
INSERT INTO extrinsic VALUES ('0000000006-000001-7ec94', '0000000006-7ec94', 1, 4, '{"address": {"value": "0xd43593c715fdd31c61141abd04a99fd6822c8558854ccde39a5684e7a56da27d", "__kind": "Id"}, "signature": {"value": "0xf6fbc14cb76506fd090808adb378e60c1609be6c4527a110b95dbf35c0f8a71bf39f17f28880858d03d3b2fc0f43978439380d8940cf12bd775d3060d797a085", "__kind": "Sr25519"}, "signedExtensions": {"CheckNonce": 3, "CheckMortality": {"value": 0, "__kind": "Mortal40"}, "ChargeTransactionPayment": 0}}', TRUE, NULL, '0000000006-000001-7ec94', NULL, 0, '0x85f8233831de3b3079820a41c0381ba72df409d75865b6a460bb5aaf8523c326', 12);
INSERT INTO call VALUES ('0000000006-000001-7ec94', NULL, '0000000006-7ec94', '0000000006-000001-7ec94', TRUE, NULL, '{"value": {"value": "0xd43593c715fdd31c61141abd04a99fd6822c8558854ccde39a5684e7a56da27d", "__kind": "Signed"}, "__kind": "system"}', 'Gear.send_message', '{"value": "0", "payload": "0x002c43727970746f4b697474792c4465736372697074696f6e1c687474703a2f2f1c687474703a2f2f", "gasLimit": "1444004518", "destination": "0x5466a0b28225bcc8e33f6bdde7a95f5fcf81bfd94d70ca099d0a8bae230dbaa1"}', 7, NULL);
INSERT INTO event VALUES
    ('0000000006-000003-7ec94', '0000000006-7ec94', 3, 'ApplyExtrinsic', '0000000006-000001-7ec94', '0000000006-000001-7ec94', 'Gear.MessageEnqueued', '{"id": "0x0ae530b76ad6a807231b8ffc475b84b708602a6cfece3fa53834781a70e6dca6", "entry": {"__kind": "Handle"}, "source": "0xd43593c715fdd31c61141abd04a99fd6822c8558854ccde39a5684e7a56da27d", "destination": "0x5466a0b28225bcc8e33f6bdde7a95f5fcf81bfd94d70ca099d0a8bae230dbaa1"}', 5, '0x5466a0b28225bcc8e33f6bdde7a95f5fcf81bfd94d70ca099d0a8bae230dbaa1'),
    ('0000000006-000007-7ec94', '0000000006-7ec94', 7, 'Finalization', NULL, NULL, 'Gear.UserMessageSent', '{"message": {"id": "0xc6c455cd9a09b94fcb473d04d9e9572a75306c3856e1fcd7329e0865540e558d", "reply": ["0x0ae530b76ad6a807231b8ffc475b84b708602a6cfece3fa53834781a70e6dca6", 0], "value": 0, "source": "0x5466a0b28225bcc8e33f6bdde7a95f5fcf81bfd94d70ca099d0a8bae230dbaa1", "payload": "0x81010000000000000000000000000000000000000000000000000000000000000000d43593c715fdd31c61141abd04a99fd6822c8558854ccde39a5684e7a56da27d0000000000000000000000000000000000000000000000000000000000000000", "destination": "0xd43593c715fdd31c61141abd04a99fd6822c8558854ccde39a5684e7a56da27d"}, "expiration": 0}', 10, '0x5466a0b28225bcc8e33f6bdde7a95f5fcf81bfd94d70ca099d0a8bae230dbaa1');
-- 734@astar-local
INSERT INTO block VALUES ('0000000734-251d1', 734, '0x251d1e7ee9872d2bcff685a3a2f1d88b4fd46041238e21ccba40233cf6cdf63d', '0x9e4b30cb7d6fb61c3f01d846ee2e1b0c9e9793f54c3abbd4f2abf3604dd20f92', '2022-05-16 09:03:08+00', 'astar-local@1');
INSERT INTO extrinsic VALUES ('0000000734-000001-251d1', '0000000734-251d1', 1, 4, '{"address": {"value": "0xd43593c715fdd31c61141abd04a99fd6822c8558854ccde39a5684e7a56da27d", "__kind": "Id"}, "signature": {"value": "0xea92d50b4734c43b59bbf722ecb9d720bde6d60a82836bb568d6331b6ac5cb1ae1e4e179aa32e9dc40228a771e30bf182ba0faeae540ec3153e2370e9e93578e", "__kind": "Sr25519"}, "signedExtensions": {"CheckNonce": 1, "CheckWeight": {}, "CheckGenesis": {}, "CheckMortality": {"value": 13, "__kind": "Mortal183"}, "CheckTxVersion": {}, "CheckSpecVersion": {}, "ChargeTransactionPayment": 0}}', TRUE, NULL, '0000000734-000001-251d1', NULL, NULL, '0x2574aaea6abd9a7bc4327ea6786fa93dd026ed8bd5582b4af07e53d48828a13a', 9);
INSERT INTO call VALUES ('0000000734-000001-251d1', NULL, '0000000734-251d1', '0000000734-000001-251d1', TRUE, NULL, NULL, 'Contracts.call', '{"data": "0x633aa551", "dest": {"value": "0xf98402623dbe32d22b67e0a25136b763615c14fd4201b1aac8832ec52aa64d10", "__kind": "Id"}, "value": 0, "gasLimit": 7852000001}', 7, NULL);
INSERT INTO event VALUES ('0000000734-000004-251d1', '0000000734-251d1', 4, 'ApplyExtrinsic', '0000000734-000001-251d1', '0000000734-000001-251d1', 'Contracts.ContractEmitted', '{"data": "0x0000002d000000", "contract": "0xf98402623dbe32d22b67e0a25136b763615c14fd4201b1aac8832ec52aa64d10"}', 6, '0xf98402623dbe32d22b67e0a25136b763615c14fd4201b1aac8832ec52aa64d10');
-- 569006@moonriver
INSERT INTO block VALUES ('0000569006-5e412', 569006, '0x5e412b86185e4d5cd091b34e6858e83eb8d43b5f639eba379bb067f38cf74cd9', '0xda3631f405a54cc0587f433ae33f34eac4a55343592a91e37e4e97e184791b98', '2021-09-20 18:11:30.327+00', 'moonriver@600');
INSERT INTO extrinsic VALUES ('0000569006-000018-5e412', '0000569006-5e412', 18, 4, NULL, TRUE, NULL, '0000569006-000018-5e412', NULL, NULL, '0x9cd8d7ed613fcb8606c7d8f9223dbc25867844644291311a74223b975305c1c3', 124);
INSERT INTO call VALUES ('0000569006-000018-5e412', NULL, '0000569006-5e412', '0000569006-000018-5e412', TRUE, NULL, '{"__kind": "system", "value": {"__kind": "None"}}', 'Ethereum.transact', '{"transaction": {"action": {"__kind": "Call", "value": "0xb654611f84a8dc429ba3cb4fda9fad236c505a1a"}, "gasLimit": "255676", "gasPrice": "1000000000", "input": "0xd0def521000000000000000000000000495e889d1a6ceb447a57dcc1c68410299392380c0000000000000000000000000000000000000000000000000000000000000040000000000000000000000000000000000000000000000000000000000000003c697066733a2f2f516d5951544b4a796b424d35706966426f51773776683235745462756964695951646e314e786b4e716b4174524d2f312e6a736f6e00000000", "nonce": "29", "signature": {"r": "0x329a94296bee97d815de1a4c2ff614ebed0f63800390434a895da4213da05e13", "s": "0x758833afb82ef712bda3928ef16f6d8deeb1f035ce9df64c529eefd85deceb8b", "v": "2606"}, "value": "0"}}', 122, '0xb654611f84a8dc429ba3cb4fda9fad236c505a1a');
INSERT INTO event VALUES
    ('0000569006-000084-5e412', '0000569006-5e412', 84, 'ApplyExtrinsic', '0000569006-000018-5e412', '0000569006-000018-5e412', 'EVM.Log', '{"address": "0xb654611f84a8dc429ba3cb4fda9fad236c505a1a", "data": "0x", "topics": ["0xddf252ad1be2c89b69c2b068fc378daa952ba7f163c4a11628f55a4df523b3ef", "0x0000000000000000000000000000000000000000000000000000000000000000", "0x000000000000000000000000495e889d1a6ceb447a57dcc1c68410299392380c", "0x0000000000000000000000000000000000000000000000000000000000000001"]}', 120, '0xb654611f84a8dc429ba3cb4fda9fad236c505a1a'),
    ('0000569006-000085-5e412', '0000569006-5e412', 85, 'ApplyExtrinsic', '0000569006-000018-5e412', '0000569006-000018-5e412', 'Ethereum.Executed', '["0x495e889d1a6ceb447a57dcc1c68410299392380c", "0x0000000000000000000000000000000000000000", "0x8eafe131eee90e0dfb07d6df46b1aea737834936968da31f807af566a59148b9", {"__kind": "Succeed", "value": {"__kind": "Stopped"}}]', 121, NULL);
-- 650677@kusama
INSERT INTO block VALUES ('0000650677-0f08a', 650677, '0x0f08a6e7895353c856cac7051c4bb91d2b0abd6e3f313fddff063b2ea650d224', '0x8c05cac5fbed2bb31b078edff411b4c900621044547640a2427d14805783e1fd', '2020-01-16 11:56:36+00', 'kusama@1039', NULL);
INSERT INTO extrinsic VALUES ('0000650677-000003-0f08a', '0000650677-0f08a', 3, 4, '{"address": {"__kind": "AccountId", "value": "0xf6b21d624832094b03aa672e016462a020e217cc67b1434785b99114a2b4fa5a"}, "signature": {"__kind": "Sr25519", "value": "0xfa61affc436bbd05986e9b2fad007359ddefc9d9a8711e61a3155776f5aa140d0737491c9433ea1762bf5e73bca3bd80c6dcf871daf50aef57b945d8d7519d8e"}, "signedExtensions": {"chargeTransactionPayment": 0, "checkEra": {"__kind": "Mortal69", "value": 3}, "checkNonce": 111}}', FALSE, '{"__kind": "Module", "value": {"error": 3, "index": 5}}', '0000650677-000003-0f08a', NULL, NULL, '0xd2f44de7b590db774dcc3a12e816612c3456c08ab9b031406ba390ac714070da', 14);
INSERT INTO call VALUES
    ('0000650677-000003-0f08a-000001', '0000650677-000003-0f08a', '0000650677-0f08a', '0000650677-000003-0f08a', FALSE, '{"__kind": "Module", "value": {"error": 3, "index": 5}}', NULL, 'Balances.transfer', '{"dest": {"__kind": "AccountId", "value": "0xca2ecbecab066ed29eb6f04bc145a5fe6ee36cc0144f46a722862cf28dba2c67"}, "value": 51000000000}', 11, NULL),
    ('0000650677-000003-0f08a', NULL, '0000650677-0f08a', '0000650677-000003-0f08a', FALSE, '{"__kind": "Module", "value": {"error": 3, "index": 5}}', NULL, 'Utility.as_sub', '{"call": {"__kind": "Balances", "value": {"__kind": "transfer", "dest": {"__kind": "AccountId", "value": "0xca2ecbecab066ed29eb6f04bc145a5fe6ee36cc0144f46a722862cf28dba2c67"}, "value": 51000000000}}, "index": 1}', 12, NULL);
